{"cameraMode":{"drawMode":0,"name":"Shaded","section":"Shading Mode"},"sceneLighting":true,"audioPlay":false,"sceneViewState":{"m_AlwaysRefresh":false,"showFog":true,"showSkybox":true,"showFlares":true,"showImageEffects":true,"showParticleSystems":true,"showVisualEffectGraphs":true,"m_FxEnabled":true},"in2DMode":false,"pivot":{"x":0.0002987384796142578,"y":-0.13877153396606446,"z":-0.009769439697265625},"rotation":{"x":0.0006690275622531772,"y":0.9989281892776489,"z":-0.04379075765609741,"w":0.015285956673324108},"size":24.996450424194337,"orthographic":false}