{"cameraMode":{"drawMode":0,"name":"Shaded","section":"Shading Mode"},"sceneLighting":true,"audioPlay":false,"sceneViewState":{"m_AlwaysRefresh":false,"showFog":true,"showSkybox":true,"showFlares":true,"showImageEffects":true,"showParticleSystems":true,"showVisualEffectGraphs":true,"m_FxEnabled":true},"in2DMode":false,"pivot":{"x":0.4783754348754883,"y":-4.383957386016846,"z":-0.83319091796875},"rotation":{"x":-0.005668562836945057,"y":0.9939938187599182,"z":-0.06301332265138626,"w":-0.08939976990222931},"size":16.349288940429689,"orthographic":false}