{"cameraMode":{"drawMode":0,"name":"Shaded","section":"Shading Mode"},"sceneLighting":true,"audioPlay":false,"sceneViewState":{"m_AlwaysRefresh":false,"showFog":true,"showSkybox":true,"showFlares":true,"showImageEffects":true,"showParticleSystems":true,"showVisualEffectGraphs":true,"m_FxEnabled":true},"in2DMode":false,"pivot":{"x":7.070106506347656,"y":3.6404714584350588,"z":-0.29494810104370119},"rotation":{"x":-0.07523498684167862,"y":0.011066323146224022,"z":-0.0008399828802794218,"w":-0.9971302151679993},"size":19.922374725341798,"orthographic":false}