{"cameraMode":{"drawMode":0,"name":"Shaded","section":"Shading Mode"},"sceneLighting":true,"audioPlay":false,"sceneViewState":{"m_AlwaysRefresh":false,"showFog":true,"showSkybox":true,"showFlares":true,"showImageEffects":true,"showParticleSystems":true,"showVisualEffectGraphs":true,"m_FxEnabled":true},"in2DMode":false,"pivot":{"x":0.4725865423679352,"y":3.1895604133605959,"z":-0.2840862274169922},"rotation":{"x":0.11704098433256149,"y":-0.007138943765312433,"z":0.0008534328662790358,"w":0.9931318163871765},"size":11.710465431213379,"orthographic":false}