{"cameraMode":{"drawMode":0,"name":"Shaded","section":"Shading Mode"},"sceneLighting":true,"audioPlay":false,"sceneViewState":{"m_AlwaysRefresh":false,"showFog":true,"showSkybox":true,"showFlares":true,"showImageEffects":true,"showParticleSystems":true,"showVisualEffectGraphs":true,"m_FxEnabled":true},"in2DMode":false,"pivot":{"x":6.578974723815918,"y":2.1295011043548586,"z":0.016801245510578157},"rotation":{"x":0.0003101961628999561,"y":-0.03418363630771637,"z":-0.000012379338841128629,"w":0.9994499087333679},"size":14.590886116027832,"orthographic":false}